[
  {
    "TweetLink": "https://x.com/nico_jeannen/status/1808720376249397353",
    "TweetDate": "2024-07-04T04:31:56.000Z",
    "TweetText": "Just bought a MacBook M3 Max\n\nThanks JavaScript"
  },
  {
    "TweetLink": "https://x.com/manishkumar_dev/status/1807049662299529316",
    "TweetDate": "2024-06-29T13:53:07.000Z",
    "TweetText": "Best YouTube Playlists to learn Programming:\n\nC\nhttp://youtube.com/playlist?list=PL9IEJIKnBJjG5H0ylFAzpzs9gSmW_eICB…\n\nC++\nhttp://youtube.com/playlist?list=PLlrATfBNZ98dudnM48yfGUldqGD0S4FFb…\n\n Python\nhttp://youtube.com/playlist?list=PL-osiE80TeTt2d9bfVyTiXJA-UTHn6WwU…\n\n JavaScript\nhttp://youtube.com/playlist?list=PLDyQo7g0_nsXlSfuoBpG5Fgz0Qe3IvWnA…\n\nJava\nhttp://youtube.com/playlist?list=PLsyeobzWxl7pe_IiTfNyr55kwJPWbgxB5…\n\nC#\nhttp://youtube.com/playlist?list=PLdo4fOcmZ0oVxKLQCHpiUWun7vlJJvUiN…\n\nSQL\nhttp://youtube.com/playlist?list=PLD20298E653A970F8…\n\n Go https://pic.x.com/hfbz9fm3rv"
  },
  {
    "TweetLink": "https://x.com/benitambulu_/status/1808121047952044211",
    "TweetDate": "2024-07-02T12:50:25.000Z",
    "TweetText": "JavaScript "
  },
  {
    "TweetLink": "https://x.com/sarlloc/status/1806972378552963255",
    "TweetDate": "2024-06-29T08:46:01.000Z",
    "TweetText": "How about a post on fractal-tree using JavaScript and simple recursion next?"
  },
  {
    "TweetLink": "https://x.com/RitikaAgrawal08/status/1806681612786000148",
    "TweetDate": "2024-06-28T13:30:37.000Z",
    "TweetText": "Event Propagation in JavaScript "
  },
  {
    "TweetLink": "https://x.com/LewisMenelaws/status/1808522148836737476",
    "TweetDate": "2024-07-03T15:24:15.000Z",
    "TweetText": "Does this annoying bug happen to anyone else when using JavaScript?"
  },
  {
    "TweetLink": "https://x.com/CreeCoder/status/1806543963123220934",
    "TweetDate": "2024-06-28T04:23:39.000Z",
    "TweetText": "java != javascript"
  },
  {
    "TweetLink": "https://x.com/manishkumar_dev/status/1807346214264033384",
    "TweetDate": "2024-06-30T09:31:31.000Z",
    "TweetText": "Learn Frontend Development and Earn Free Certificates:\n\nFrontent Roadmap\nhttps://roadmap.sh/frontend\n\nHTML and CSS\nhttps://freecodecamp.org/learn/2022/responsive-web-design/…\n\nLearn HTML\nhttps://codecademy.com/learn/learn-html…\n\nLearn CSS\nhttps://codecademy.com/learn/learn-css\n\nJavaScript\nhttps://scaler.com/topics/course/javascript-beginners/…\n\nhttps://codecademy.com/learn/introduction-to-javascript… https://pic.x.com/5gbubhegui"
  },
  {
    "TweetLink": "https://x.com/Star_Knight12/status/1809127573554696366",
    "TweetDate": "2024-07-05T07:30:00.000Z",
    "TweetText": "JavaScript is the supreme, isn't it?"
  },
  {
    "TweetLink": "https://x.com/abdussalampopsy/status/1807378734715900157",
    "TweetDate": "2024-06-30T11:40:44.000Z",
    "TweetText": "Finally, after two weeks...\n\nI'm glad to present my website, built with \n@webflow\n \n\nLearnt new frameworks\nHoned JavaScript skills\nPushed my limits\n\nDo have a look:\nhttp://abdussalampopoola.com"
  }
]