[
  {
    "name": "personalization_id",
    "value": "\"v1_pMOr2piuRcp6XD2iw2WZ8w==\"",
    "domain": ".x.com",
    "path": "/",
    "expires": 1753274172.798716,
    "size": 47,
    "httpOnly": false,
    "secure": true,
    "session": false,
    "sameSite": "None",
    "sameParty": false,
    "sourceScheme": "Secure",
    "sourcePort": 443
  },
  {
    "name": "twid",
    "value": "u%3D1803014484283236353",
    "domain": ".x.com",
    "path": "/",
    "expires": 1750250172.79873,
    "size": 27,
    "httpOnly": false,
    "secure": true,
    "session": false,
    "sameSite": "None",
    "sameParty": false,
    "sourceScheme": "Secure",
    "sourcePort": 443
  },
  {
    "name": "att",
    "value": "1-Y1RaMLos6C2hOlRl5s2nb6sgTNvt72VJxZMLcH44",
    "domain": ".x.com",
    "path": "/",
    "expires": 1718800571.375512,
    "size": 45,
    "httpOnly": true,
    "secure": true,
    "session": false,
    "sameSite": "None",
    "sameParty": false,
    "sourceScheme": "Secure",
    "sourcePort": 443
  },
  {
    "name": "auth_token",
    "value": "ea831802db87dc96374f37d4fab55e9c4f693c9a",
    "domain": ".x.com",
    "path": "/",
    "expires": 1753274170.724311,
    "size": 50,
    "httpOnly": true,
    "secure": true,
    "session": false,
    "sameSite": "None",
    "sameParty": false,
    "sourceScheme": "Secure",
    "sourcePort": 443
  },
  {
    "name": "lang",
    "value": "en",
    "domain": "x.com",
    "path": "/",
    "expires": -1,
    "size": 6,
    "httpOnly": false,
    "secure": false,
    "session": true,
    "sameParty": false,
    "sourceScheme": "Secure",
    "sourcePort": 443
  },
  {
    "name": "guest_id",
    "value": "171871416254484805",
    "domain": ".x.com",
    "path": "/",
    "expires": 1750250162.528765,
    "size": 26,
    "httpOnly": false,
    "secure": true,
    "session": false,
    "sameSite": "None",
    "sameParty": false,
    "sourceScheme": "Secure",
    "sourcePort": 443
  },
  {
    "name": "guest_id_ads",
    "value": "v1%3A171871416254484805",
    "domain": ".x.com",
    "path": "/",
    "expires": 1753274172.798635,
    "size": 35,
    "httpOnly": false,
    "secure": true,
    "session": false,
    "sameSite": "None",
    "sameParty": false,
    "sourceScheme": "Secure",
    "sourcePort": 443
  },
  {
    "name": "kdt",
    "value": "OmnIT9hgbuaibx2rhGbP9RfWOjJoX5xG6X3kNTwu",
    "domain": ".x.com",
    "path": "/",
    "expires": 1753274170.724044,
    "size": 43,
    "httpOnly": true,
    "secure": true,
    "session": false,
    "sameParty": false,
    "sourceScheme": "Secure",
    "sourcePort": 443
  },
  {
    "name": "gt",
    "value": "1803044002108973542",
    "domain": ".x.com",
    "path": "/",
    "expires": 1718723163.046527,
    "size": 21,
    "httpOnly": false,
    "secure": true,
    "session": false,
    "sameParty": false,
    "sourceScheme": "Secure",
    "sourcePort": 443
  },
  {
    "name": "ct0",
    "value": "92ce5c8ee42495c6212f74509662574716a46f2264be53a6dd47b40ce8412578da7d3b2102f693ab78d02a6725aaa23f194b824ae4ad89b7c27c6d5af6601933607867acb28dde0e4497b50fa1dc264d",
    "domain": ".x.com",
    "path": "/",
    "expires": 1753274171.079357,
    "size": 163,
    "httpOnly": false,
    "secure": true,
    "session": false,
    "sameSite": "Lax",
    "sameParty": false,
    "sourceScheme": "Secure",
    "sourcePort": 443
  },
  {
    "name": "guest_id_marketing",
    "value": "v1%3A171871416254484805",
    "domain": ".x.com",
    "path": "/",
    "expires": 1753274172.798683,
    "size": 41,
    "httpOnly": false,
    "secure": true,
    "session": false,
    "sameSite": "None",
    "sameParty": false,
    "sourceScheme": "Secure",
    "sourcePort": 443
  },
  {
    "name": "night_mode",
    "value": "2",
    "domain": ".x.com",
    "path": "/",
    "expires": 1750250172.034252,
    "size": 11,
    "httpOnly": false,
    "secure": true,
    "session": false,
    "sameSite": "None",
    "sameParty": false,
    "sourceScheme": "Secure",
    "sourcePort": 443
  }
]