[
  {
    "TweetLink": "https://x.com/Chaumet/status/1805232922800058740",
    "TweetDate": "2024-06-24T13:34:03.000Z",
    "TweetText": "Dive into an exclusive interview with Brand Ambassador #ChaEunWoo as he unveils #Chaumet’s High Jewelry new collection. Get his unique perspective on the artistry behind Chaumet en Scène.\n\n#ChaumetEnScene #ChaumetHighJewelry #CelebritiesinChaumet"
  },
  {
    "TweetLink": "https://x.com/havenfiIm/status/1805243368160854435",
    "TweetDate": "2024-06-24T14:15:33.000Z",
    "TweetText": "the freaking smirk?? HE’S INSANE \n\n#hyunjin #현진"
  },
  {
    "TweetLink": "https://x.com/HillaryClinton/status/1805245635454509508",
    "TweetDate": "2024-06-24T14:24:33.000Z",
    "TweetText": "I'm a Supreme Court voter because of some simple math:\n\nTrump already appointed 3 justices who helped overturn our reproductive freedoms.\n\nIf he wins again, he could appoint as many as 4 more.\n\nWe need justices who'll stand up for our rights—not their own right-wing agendas."
  },
  {
    "TweetLink": "https://x.com/hoshzone/status/1805246188259529073",
    "TweetDate": "2024-06-24T14:26:45.000Z",
    "TweetText": "tnx sungjun mentioned hoshi! #호시\n\n when we filmed the challenge video with hoshi sunbaenim, he was so cool that i froze up\n i’m usually not shy but i really just stopped moving\n “h…h…hello!!”\n back then he had a schedule so he came as soon as he finished but he came"
  },
  {
    "TweetLink": "https://x.com/DreyfusJames/status/1805247374505267240",
    "TweetDate": "2024-06-24T14:31:28.000Z",
    "TweetText": "WaitWOT???\n\nFiddlin’ Nero, here, who’s festooned every nook & cranny of the entire f**king capital with the ugliest, most nausea-inducing flags EVER seen, has the temerity to propose THIS?\n\nI sincerely hope he is defied.\n\nDefied, derided & ignored.\n\nPompous flatulent flucktwunt…"
  },
  {
    "TweetLink": "https://x.com/park_eunrii/status/1805245425177575660",
    "TweetDate": "2024-06-24T14:23:43.000Z",
    "TweetText": "Yiho has been giving dad the blue balls since he was still in the womb "
  },
  {
    "TweetLink": "https://x.com/ohfold/status/1805225745028903281",
    "TweetDate": "2024-06-24T13:05:31.000Z",
    "TweetText": "Destroy lonely's ex girlfriend exposes him and claims he choked her over an argument about Lucki"
  },
  {
    "TweetLink": "https://x.com/thisisvertrying/status/1805244586173833447",
    "TweetDate": "2024-06-24T14:20:23.000Z",
    "TweetText": "8 months later and he’s looking at her the same way"
  },
  {
    "TweetLink": "https://x.com/AskAnshul/status/1805242644161044851",
    "TweetDate": "2024-06-24T14:12:40.000Z",
    "TweetText": "Now, Mayur Mohite who is the nephew of NCP MLA Dilip Mohite Patil, ran a speeding SUV over a biker in Pune.\n\nHe was driving on the wrong side of the road and fled from the spot immediately. The biker named Bhalerao died of his injuries."
  },
  {
    "TweetLink": "https://x.com/InsiderWorld_1/status/1804881828152476094",
    "TweetDate": "2024-06-23T14:18:55.000Z",
    "TweetText": "He’s smiling again!"
  }
]